[
  {
    "id": "7ba0a722-4264-4c14-b937-6089feb8d481",
    "data": [
      {
        "text": "sing me in",
        "userDefined": false
      }
    ],
    "isTemplate": false,
    "count": 0,
    "lang": "en",
    "updated": 0
  },
  {
    "id": "5790685d-0546-47ee-b2bb-944942f1a106",
    "data": [
      {
        "text": "login",
        "userDefined": false
      }
    ],
    "isTemplate": false,
    "count": 0,
    "lang": "en",
    "updated": 0
  },
  {
    "id": "ef2f0782-2f9f-4260-83f7-508a2ef2af97",
    "data": [
      {
        "text": "i want to log in",
        "userDefined": false
      }
    ],
    "isTemplate": false,
    "count": 0,
    "lang": "en",
    "updated": 0
  }
]