[
  {
    "id": "bd2ed032-fe2b-4311-b865-2f2e6c5ca70c",
    "data": [
      {
        "text": "hi, iam a chatbot created by raaj, how can i assist you today",
        "userDefined": false
      }
    ],
    "isTemplate": false,
    "count": 0,
    "lang": "en",
    "updated": 0
  },
  {
    "id": "33260bda-41fe-45a9-bf7f-1a8cb2ad20ae",
    "data": [
      {
        "text": "Hi, Hello, how can i help you",
        "userDefined": false
      }
    ],
    "isTemplate": false,
    "count": 0,
    "lang": "en",
    "updated": 0
  },
  {
    "id": "a80ac593-a7d9-40ca-802c-5f5e3dc62c35",
    "data": [
      {
        "text": "Hi, Hello, how can i help you ",
        "userDefined": false
      },
      {
        "text": "today",
        "meta": "@sys.date-time",
        "alias": "date-time",
        "userDefined": false
      }
    ],
    "isTemplate": false,
    "count": 0,
    "lang": "en",
    "updated": 0
  },
  {
    "id": "9d028554-3a44-40b5-bb72-5588a5911c0c",
    "data": [
      {
        "text": "Hello",
        "userDefined": false
      }
    ],
    "isTemplate": false,
    "count": 0,
    "lang": "en",
    "updated": 0
  },
  {
    "id": "b26bac2f-8ae2-422f-a8b8-84d7196f152e",
    "data": [
      {
        "text": "Hi",
        "userDefined": false
      }
    ],
    "isTemplate": false,
    "count": 0,
    "lang": "en",
    "updated": 0
  }
]